bam,pop,prepped_id,sample_id,Anti,BC,row
1-MullenDavies_S1_ACCA.nosymbio.fastq.bam,I3,I3C,I3C,ACCA,BC3,1
1-MullenDavies_S1_AGAC.nosymbio.fastq.bam,I2,I2H,I2H,AGAC,BC2,1
1-MullenDavies_S1_AGTG.nosymbio.fastq.bam,I3,I3I,I3I,AGTG,BC4,1
1-MullenDavies_S1_CATC.nosymbio.fastq.bam,I4,I4A,I4A,CATC,BC5,1
1-MullenDavies_S1_CTAC.nosymbio.fastq.bam,O2,O2H,O2H,CTAC,BC9,1
1-MullenDavies_S1_GACT.nosymbio.fastq.bam,O3,O3D,O3D,GACT,BC12,1
1-MullenDavies_S1_GCTT.nosymbio.fastq.bam,O2,O2A,O2A,GCTT,BC8,1
1-MullenDavies_S1_GTGA.nosymbio.fastq.bam,I4,I4G,I4G,GTGA,BC6,1
1-MullenDavies_S1_TCAC.nosymbio.fastq.bam,O3,O3B,O3B,TCAC,BC11,1
1-MullenDavies_S1_TCAG.nosymbio.fastq.bam,I4,I4I,I4I,TCAG,BC7,1
1-MullenDavies_S1_TGGT.nosymbio.fastq.bam,I2,I2E,I2E,TGGT,BC1,1
1-MullenDavies_S1_TGTC.nosymbio.fastq.bam,O2,O2I,O2I,TGTC,BC10,1
2-MullenDavies_S2_ACCA.nosymbio.fastq.bam,O3,O3H,O3H,ACCA,BC3,2
2-MullenDavies_S2_AGAC.nosymbio.fastq.bam,O3,O3F,O3F,AGAC,BC2,2
2-MullenDavies_S2_AGTG.nosymbio.fastq.bam,O4,O4A,O4A,AGTG,BC4,2
2-MullenDavies_S2_CATC.nosymbio.fastq.bam,O4,O4C,O4C,CATC,BC5,2
2-MullenDavies_S2_CTAC.nosymbio.fastq.bam,I2,I2B,I2B,CTAC,BC9,2
2-MullenDavies_S2_GACT.nosymbio.fastq.bam,I3,I3F,I3F,GACT,BC12,2
2-MullenDavies_S2_GCTT.nosymbio.fastq.bam,I2,I2A,I2A,GCTT,BC8,2
2-MullenDavies_S2_GTGA.nosymbio.fastq.bam,O4,O4D,O4D,GTGA,BC6,2
2-MullenDavies_S2_TCAC.nosymbio.fastq.bam,I3,I3D,I3D,TCAC,BC11,2
2-MullenDavies_S2_TCAG.nosymbio.fastq.bam,O4,O4G,O4G,TCAG,BC7,2
2-MullenDavies_S2_TGGT.nosymbio.fastq.bam,O3,O3E,O3E,TGGT,BC1,2
2-MullenDavies_S2_TGTC.nosymbio.fastq.bam,I3,I3A,I3A,TGTC,BC10,2
3-MullenDavies_S3_ACCA.nosymbio.fastq.bam,I4,I4H,I4H,ACCA,BC3,3
3-MullenDavies_S3_AGAC.nosymbio.fastq.bam,I4,I4F,I4F,AGAC,BC2,3
3-MullenDavies_S3_AGTG.nosymbio.fastq.bam,O2,O2B,O2B,AGTG,BC4,3
3-MullenDavies_S3_CATC.nosymbio.fastq.bam,O2,O2C,O2C,CATC,BC5,3
3-MullenDavies_S3_CTAC.nosymbio.fastq.bam,O3,O3G,O3G,CTAC,BC9,3
3-MullenDavies_S3_GACT.nosymbio.fastq.bam,O4,O4F,O4F,GACT,BC12,3
3-MullenDavies_S3_GCTT.nosymbio.fastq.bam,O3,O3C,O3C,GCTT,BC8,3
3-MullenDavies_S3_GTGA.nosymbio.fastq.bam,O2,O2D,O2D,GTGA,BC6,3
3-MullenDavies_S3_TCAC.nosymbio.fastq.bam,O4,O4E6,O4E,TCAC,BC11,3
3-MullenDavies_S3_TCAG.nosymbio.fastq.bam,O2,O2E,O2E,TCAG,BC7,3
3-MullenDavies_S3_TGGT.nosymbio.fastq.bam,I3,I3H,I3H,TGGT,BC1,3
3-MullenDavies_S3_TGTC.nosymbio.fastq.bam,O3,O3I,O3I,TGTC,BC10,3
4-MullenDavies_S4_ACCA.nosymbio.fastq.bam,I2,I2I6,I2I,ACCA,BC3,4
4-MullenDavies_S4_AGAC.nosymbio.fastq.bam,I4,I4B,I4B,AGAC,BC2,4
4-MullenDavies_S4_AGTG.nosymbio.fastq.bam,I4,I4C4,I4C,AGTG,BC4,4
4-MullenDavies_S4_CATC.nosymbio.fastq.bam,I2,I2D6,I2D,CATC,BC5,4
4-MullenDavies_S4_CTAC.nosymbio.fastq.bam,O2,O2F6,O2F,CTAC,BC9,4
4-MullenDavies_S4_GACT.nosymbio.fastq.bam,I2,I2E_CLONE,I2E_CLONE,GACT,BC12,4
4-MullenDavies_S4_GCTT.nosymbio.fastq.bam,O4,O4B3,O4B,GCTT,BC8,4
4-MullenDavies_S4_GTGA.nosymbio.fastq.bam,I2,I2C6,I2C,GTGA,BC6,4
4-MullenDavies_S4_TCAC.nosymbio.fastq.bam,O4,O4E6,O4E,TCAC,BC11,4
4-MullenDavies_S4_TCAG.nosymbio.fastq.bam,O2,O2E,O2E,TCAG,BC7,4
4-MullenDavies_S4_TGGT.nosymbio.fastq.bam,I3,I3E,I3E,TGGT,BC1,4
4-MullenDavies_S4_TGTC.nosymbio.fastq.bam,O2,O2G4,O2G,TGTC,BC10,4
5-MullenDavies_S5_ACCA.nosymbio.fastq.bam,I2,I2G6,I2G,ACCA,BC3,5
5-MullenDavies_S5_AGAC.nosymbio.fastq.bam,I3,I3G6,I3G,AGAC,BC2,5
5-MullenDavies_S5_AGTG.nosymbio.fastq.bam,I2,I2F6,I2F,AGTG,BC4,5
5-MullenDavies_S5_CATC.nosymbio.fastq.bam,I4,I4D5,I4D,CATC,BC5,5
5-MullenDavies_S5_GACT.nosymbio.fastq.bam,O4,O4H3,O4H,GACT,BC12,5
5-MullenDavies_S5_GCTT.nosymbio.fastq.bam,I3,I3C_CLONE,I3C_CLONE,GCTT,BC8,5
5-MullenDavies_S5_GTGA.nosymbio.fastq.bam,I4,I4E8,I4E,GTGA,BC6,5
5-MullenDavies_S5_TCAC.nosymbio.fastq.bam,I4,I4A_CLONE,I4A_CLONE,TCAC,BC11,5
5-MullenDavies_S5_TGGT.nosymbio.fastq.bam,I2,I2E,I2E,TGGT,BC1,5
6-MullenDavies_S6_TGGT.nosymbio.fastq.bam,I3,I3H,I3H,TGGT,BC1,6
8-MullenDavies_S8_AGAC.nosymbio.fastq.bam,O3,O3B_CLONE,O3B_CLONE,AGAC,BC2,8
8-MullenDavies_S8_GTGA.nosymbio.fastq.bam,O4,O4A_CLONE,O4A_CLONE,GTGA,BC6,8
8-MullenDavies_S8_TGGT.nosymbio.fastq.bam,O2,O2A_CLONE,O2A_CLONE,TGGT,BC1,8